sku,service,deployment_model,purchasing_model,service_tier,compute_tier,hardware,capacity_unit,capacity,memory_gb,memory_gb_per_vcore,status,milestone,lifecycle_status,inventory_doc,guidance_key,release_date,preview_date,ga_date,date_confidence,release_doc,recommend_when,recommend_sources,notes
Standard_B1ms,Azure Database for PostgreSQL,Flexible server,vCore,Burstable,Burstable,B-series,vCore,1,2.0,2.0,GA,pg-burstable-small,Generally available,https://learn.microsoft.com/azure/postgresql/compute-storage/concepts-compute,,2021-11,2020-11,2021-11,medium,https://learn.microsoft.com/azure/postgresql/compute-storage/concepts-compute,[],[],Not recommended for production; CPU credit model.
Standard_B2s,Azure Database for PostgreSQL,Flexible server,vCore,Burstable,Burstable,B-series,vCore,2,4.0,2.0,GA,pg-burstable-small,Generally available,https://learn.microsoft.com/azure/postgresql/compute-storage/concepts-compute,,2021-11,2020-11,2021-11,medium,https://learn.microsoft.com/azure/postgresql/compute-storage/concepts-compute,[],[],Not recommended for production; CPU credit model.
Standard_B2ms,Azure Database for PostgreSQL,Flexible server,vCore,Burstable,Burstable,B-series,vCore,2,8.0,4.0,GA,pg-burstable-small,Generally available,https://learn.microsoft.com/azure/postgresql/compute-storage/concepts-compute,,2021-11,2020-11,2021-11,medium,https://learn.microsoft.com/azure/postgresql/compute-storage/concepts-compute,[],[],Not recommended for production; CPU credit model.
Standard_B4ms,Azure Database for PostgreSQL,Flexible server,vCore,Burstable,Burstable,B-series,vCore,4,16.0,4.0,GA,pg-burstable-large,Generally available,https://learn.microsoft.com/azure/postgresql/compute-storage/concepts-compute,,2023-04,,2023-04,high,https://azure.microsoft.com/updates/generally-available-new-burstable-skus-for-azure-database-for-postgresql-flexible-server/,[],[],Not recommended for production; CPU credit model.
Standard_B8ms,Azure Database for PostgreSQL,Flexible server,vCore,Burstable,Burstable,B-series,vCore,8,32.0,4.0,GA,pg-burstable-large,Generally available,https://learn.microsoft.com/azure/postgresql/compute-storage/concepts-compute,,2023-04,,2023-04,high,https://azure.microsoft.com/updates/generally-available-new-burstable-skus-for-azure-database-for-postgresql-flexible-server/,[],[],Not recommended for production; CPU credit model.
Standard_B12ms,Azure Database for PostgreSQL,Flexible server,vCore,Burstable,Burstable,B-series,vCore,12,48.0,4.0,GA,pg-burstable-large,Generally available,https://learn.microsoft.com/azure/postgresql/compute-storage/concepts-compute,,2023-04,,2023-04,high,https://azure.microsoft.com/updates/generally-available-new-burstable-skus-for-azure-database-for-postgresql-flexible-server/,[],[],Not recommended for production; CPU credit model.
Standard_B16ms,Azure Database for PostgreSQL,Flexible server,vCore,Burstable,Burstable,B-series,vCore,16,64.0,4.0,GA,pg-burstable-large,Generally available,https://learn.microsoft.com/azure/postgresql/compute-storage/concepts-compute,,2023-04,,2023-04,high,https://azure.microsoft.com/updates/generally-available-new-burstable-skus-for-azure-database-for-postgresql-flexible-server/,[],[],Not recommended for production; CPU credit model.
Standard_B20ms,Azure Database for PostgreSQL,Flexible server,vCore,Burstable,Burstable,B-series,vCore,20,80.0,4.0,GA,pg-burstable-large,Generally available,https://learn.microsoft.com/azure/postgresql/compute-storage/concepts-compute,,2023-04,,2023-04,high,https://azure.microsoft.com/updates/generally-available-new-burstable-skus-for-azure-database-for-postgresql-flexible-server/,[],[],Not recommended for production; CPU credit model.
Standard_D2s_v3,Azure Database for PostgreSQL,Flexible server,vCore,General Purpose,Provisioned,Dsv3-series,vCore,2,8.0,4.0,GA,pg-v3,Generally available,https://learn.microsoft.com/azure/postgresql/compute-storage/concepts-compute,,2021-11,2020-11,2021-11,medium,https://learn.microsoft.com/azure/postgresql/release-notes/release-notes,[],[],v3 was the launch compute series for flexible server; it reached GA with the service.
Standard_D4s_v3,Azure Database for PostgreSQL,Flexible server,vCore,General Purpose,Provisioned,Dsv3-series,vCore,4,16.0,4.0,GA,pg-v3,Generally available,https://learn.microsoft.com/azure/postgresql/compute-storage/concepts-compute,,2021-11,2020-11,2021-11,medium,https://learn.microsoft.com/azure/postgresql/release-notes/release-notes,[],[],v3 was the launch compute series for flexible server; it reached GA with the service.
Standard_D8s_v3,Azure Database for PostgreSQL,Flexible server,vCore,General Purpose,Provisioned,Dsv3-series,vCore,8,32.0,4.0,GA,pg-v3,Generally available,https://learn.microsoft.com/azure/postgresql/compute-storage/concepts-compute,,2021-11,2020-11,2021-11,medium,https://learn.microsoft.com/azure/postgresql/release-notes/release-notes,[],[],v3 was the launch compute series for flexible server; it reached GA with the service.
Standard_D16s_v3,Azure Database for PostgreSQL,Flexible server,vCore,General Purpose,Provisioned,Dsv3-series,vCore,16,64.0,4.0,GA,pg-v3,Generally available,https://learn.microsoft.com/azure/postgresql/compute-storage/concepts-compute,,2021-11,2020-11,2021-11,medium,https://learn.microsoft.com/azure/postgresql/release-notes/release-notes,[],[],v3 was the launch compute series for flexible server; it reached GA with the service.
Standard_D32s_v3,Azure Database for PostgreSQL,Flexible server,vCore,General Purpose,Provisioned,Dsv3-series,vCore,32,128.0,4.0,GA,pg-v3,Generally available,https://learn.microsoft.com/azure/postgresql/compute-storage/concepts-compute,,2021-11,2020-11,2021-11,medium,https://learn.microsoft.com/azure/postgresql/release-notes/release-notes,[],[],v3 was the launch compute series for flexible server; it reached GA with the service.
Standard_D48s_v3,Azure Database for PostgreSQL,Flexible server,vCore,General Purpose,Provisioned,Dsv3-series,vCore,48,192.0,4.0,GA,pg-v3,Generally available,https://learn.microsoft.com/azure/postgresql/compute-storage/concepts-compute,,2021-11,2020-11,2021-11,medium,https://learn.microsoft.com/azure/postgresql/release-notes/release-notes,[],[],v3 was the launch compute series for flexible server; it reached GA with the service.
Standard_D64s_v3,Azure Database for PostgreSQL,Flexible server,vCore,General Purpose,Provisioned,Dsv3-series,vCore,64,256.0,4.0,GA,pg-v3,Generally available,https://learn.microsoft.com/azure/postgresql/compute-storage/concepts-compute,,2021-11,2020-11,2021-11,medium,https://learn.microsoft.com/azure/postgresql/release-notes/release-notes,[],[],v3 was the launch compute series for flexible server; it reached GA with the service.
Standard_D2ds_v4,Azure Database for PostgreSQL,Flexible server,vCore,General Purpose,Provisioned,Ddsv4-series,vCore,2,8.0,4.0,GA,pg-v4,Generally available,https://learn.microsoft.com/azure/postgresql/compute-storage/concepts-compute,,2021-10,,2021-10,high,https://techcommunity.microsoft.com/blog/adforpostgresql/flexible-server-now-supports-v4-compute-series-in-postgresql-on-azure/2815092,[],[],
Standard_D4ds_v4,Azure Database for PostgreSQL,Flexible server,vCore,General Purpose,Provisioned,Ddsv4-series,vCore,4,16.0,4.0,GA,pg-v4,Generally available,https://learn.microsoft.com/azure/postgresql/compute-storage/concepts-compute,,2021-10,,2021-10,high,https://techcommunity.microsoft.com/blog/adforpostgresql/flexible-server-now-supports-v4-compute-series-in-postgresql-on-azure/2815092,[],[],
Standard_D8ds_v4,Azure Database for PostgreSQL,Flexible server,vCore,General Purpose,Provisioned,Ddsv4-series,vCore,8,32.0,4.0,GA,pg-v4,Generally available,https://learn.microsoft.com/azure/postgresql/compute-storage/concepts-compute,,2021-10,,2021-10,high,https://techcommunity.microsoft.com/blog/adforpostgresql/flexible-server-now-supports-v4-compute-series-in-postgresql-on-azure/2815092,[],[],
Standard_D16ds_v4,Azure Database for PostgreSQL,Flexible server,vCore,General Purpose,Provisioned,Ddsv4-series,vCore,16,64.0,4.0,GA,pg-v4,Generally available,https://learn.microsoft.com/azure/postgresql/compute-storage/concepts-compute,,2021-10,,2021-10,high,https://techcommunity.microsoft.com/blog/adforpostgresql/flexible-server-now-supports-v4-compute-series-in-postgresql-on-azure/2815092,[],[],
Standard_D32ds_v4,Azure Database for PostgreSQL,Flexible server,vCore,General Purpose,Provisioned,Ddsv4-series,vCore,32,128.0,4.0,GA,pg-v4,Generally available,https://learn.microsoft.com/azure/postgresql/compute-storage/concepts-compute,,2021-10,,2021-10,high,https://techcommunity.microsoft.com/blog/adforpostgresql/flexible-server-now-supports-v4-compute-series-in-postgresql-on-azure/2815092,[],[],
Standard_D48ds_v4,Azure Database for PostgreSQL,Flexible server,vCore,General Purpose,Provisioned,Ddsv4-series,vCore,48,192.0,4.0,GA,pg-v4,Generally available,https://learn.microsoft.com/azure/postgresql/compute-storage/concepts-compute,,2021-10,,2021-10,high,https://techcommunity.microsoft.com/blog/adforpostgresql/flexible-server-now-supports-v4-compute-series-in-postgresql-on-azure/2815092,[],[],
Standard_D64ds_v4,Azure Database for PostgreSQL,Flexible server,vCore,General Purpose,Provisioned,Ddsv4-series,vCore,64,256.0,4.0,GA,pg-v4,Generally available,https://learn.microsoft.com/azure/postgresql/compute-storage/concepts-compute,,2021-10,,2021-10,high,https://techcommunity.microsoft.com/blog/adforpostgresql/flexible-server-now-supports-v4-compute-series-in-postgresql-on-azure/2815092,[],[],
Standard_D2ds_v5,Azure Database for PostgreSQL,Flexible server,vCore,General Purpose,Provisioned,Ddsv5-series,vCore,2,8.0,4.0,GA,pg-v5-intel,Generally available,https://learn.microsoft.com/azure/postgresql/compute-storage/concepts-compute,,2023-05,,2023-05,high,https://techcommunity.microsoft.com/t5/azure-database-for-postgresql/introducing-intel-v5-compute-and-32-tb-storage-support-on-azure/ba-p/3839849,[],[],Announced 2023-06-05 covering the May 2023 release; listed in the May 2023 release notes.
Standard_D4ds_v5,Azure Database for PostgreSQL,Flexible server,vCore,General Purpose,Provisioned,Ddsv5-series,vCore,4,16.0,4.0,GA,pg-v5-intel,Generally available,https://learn.microsoft.com/azure/postgresql/compute-storage/concepts-compute,,2023-05,,2023-05,high,https://techcommunity.microsoft.com/t5/azure-database-for-postgresql/introducing-intel-v5-compute-and-32-tb-storage-support-on-azure/ba-p/3839849,[],[],Announced 2023-06-05 covering the May 2023 release; listed in the May 2023 release notes.
Standard_D8ds_v5,Azure Database for PostgreSQL,Flexible server,vCore,General Purpose,Provisioned,Ddsv5-series,vCore,8,32.0,4.0,GA,pg-v5-intel,Generally available,https://learn.microsoft.com/azure/postgresql/compute-storage/concepts-compute,,2023-05,,2023-05,high,https://techcommunity.microsoft.com/t5/azure-database-for-postgresql/introducing-intel-v5-compute-and-32-tb-storage-support-on-azure/ba-p/3839849,[],[],Announced 2023-06-05 covering the May 2023 release; listed in the May 2023 release notes.
Standard_D16ds_v5,Azure Database for PostgreSQL,Flexible server,vCore,General Purpose,Provisioned,Ddsv5-series,vCore,16,64.0,4.0,GA,pg-v5-intel,Generally available,https://learn.microsoft.com/azure/postgresql/compute-storage/concepts-compute,,2023-05,,2023-05,high,https://techcommunity.microsoft.com/t5/azure-database-for-postgresql/introducing-intel-v5-compute-and-32-tb-storage-support-on-azure/ba-p/3839849,[],[],Announced 2023-06-05 covering the May 2023 release; listed in the May 2023 release notes.
Standard_D32ds_v5,Azure Database for PostgreSQL,Flexible server,vCore,General Purpose,Provisioned,Ddsv5-series,vCore,32,128.0,4.0,GA,pg-v5-intel,Generally available,https://learn.microsoft.com/azure/postgresql/compute-storage/concepts-compute,,2023-05,,2023-05,high,https://techcommunity.microsoft.com/t5/azure-database-for-postgresql/introducing-intel-v5-compute-and-32-tb-storage-support-on-azure/ba-p/3839849,[],[],Announced 2023-06-05 covering the May 2023 release; listed in the May 2023 release notes.
Standard_D48ds_v5,Azure Database for PostgreSQL,Flexible server,vCore,General Purpose,Provisioned,Ddsv5-series,vCore,48,192.0,4.0,GA,pg-v5-intel,Generally available,https://learn.microsoft.com/azure/postgresql/compute-storage/concepts-compute,,2023-05,,2023-05,high,https://techcommunity.microsoft.com/t5/azure-database-for-postgresql/introducing-intel-v5-compute-and-32-tb-storage-support-on-azure/ba-p/3839849,[],[],Announced 2023-06-05 covering the May 2023 release; listed in the May 2023 release notes.
Standard_D64ds_v5,Azure Database for PostgreSQL,Flexible server,vCore,General Purpose,Provisioned,Ddsv5-series,vCore,64,256.0,4.0,GA,pg-v5-intel,Generally available,https://learn.microsoft.com/azure/postgresql/compute-storage/concepts-compute,,2023-05,,2023-05,high,https://techcommunity.microsoft.com/t5/azure-database-for-postgresql/introducing-intel-v5-compute-and-32-tb-storage-support-on-azure/ba-p/3839849,[],[],Announced 2023-06-05 covering the May 2023 release; listed in the May 2023 release notes.
Standard_D96ds_v5,Azure Database for PostgreSQL,Flexible server,vCore,General Purpose,Provisioned,Ddsv5-series,vCore,96,384.0,4.0,GA,pg-v5-intel,Generally available,https://learn.microsoft.com/azure/postgresql/compute-storage/concepts-compute,,2023-05,,2023-05,high,https://techcommunity.microsoft.com/t5/azure-database-for-postgresql/introducing-intel-v5-compute-and-32-tb-storage-support-on-azure/ba-p/3839849,[],[],Announced 2023-06-05 covering the May 2023 release; listed in the May 2023 release notes.
Standard_D2ads_v5,Azure Database for PostgreSQL,Flexible server,vCore,General Purpose,Provisioned,Dadsv5-series,vCore,2,8.0,4.0,GA,pg-v5-amd,Generally available,https://learn.microsoft.com/azure/postgresql/compute-storage/concepts-compute,,2023,,2023,low,https://learn.microsoft.com/azure/postgresql/compute-storage/concepts-compute,[],[],Rolled out during 2023 after the Intel v5 series; reserved capacity for both Intel and AMD v5 SKUs landed in September 2024. Exact GA month not confirmed.
Standard_D4ads_v5,Azure Database for PostgreSQL,Flexible server,vCore,General Purpose,Provisioned,Dadsv5-series,vCore,4,16.0,4.0,GA,pg-v5-amd,Generally available,https://learn.microsoft.com/azure/postgresql/compute-storage/concepts-compute,,2023,,2023,low,https://learn.microsoft.com/azure/postgresql/compute-storage/concepts-compute,[],[],Rolled out during 2023 after the Intel v5 series; reserved capacity for both Intel and AMD v5 SKUs landed in September 2024. Exact GA month not confirmed.
Standard_D8ads_v5,Azure Database for PostgreSQL,Flexible server,vCore,General Purpose,Provisioned,Dadsv5-series,vCore,8,32.0,4.0,GA,pg-v5-amd,Generally available,https://learn.microsoft.com/azure/postgresql/compute-storage/concepts-compute,,2023,,2023,low,https://learn.microsoft.com/azure/postgresql/compute-storage/concepts-compute,[],[],Rolled out during 2023 after the Intel v5 series; reserved capacity for both Intel and AMD v5 SKUs landed in September 2024. Exact GA month not confirmed.
Standard_D16ads_v5,Azure Database for PostgreSQL,Flexible server,vCore,General Purpose,Provisioned,Dadsv5-series,vCore,16,64.0,4.0,GA,pg-v5-amd,Generally available,https://learn.microsoft.com/azure/postgresql/compute-storage/concepts-compute,,2023,,2023,low,https://learn.microsoft.com/azure/postgresql/compute-storage/concepts-compute,[],[],Rolled out during 2023 after the Intel v5 series; reserved capacity for both Intel and AMD v5 SKUs landed in September 2024. Exact GA month not confirmed.
Standard_D32ads_v5,Azure Database for PostgreSQL,Flexible server,vCore,General Purpose,Provisioned,Dadsv5-series,vCore,32,128.0,4.0,GA,pg-v5-amd,Generally available,https://learn.microsoft.com/azure/postgresql/compute-storage/concepts-compute,,2023,,2023,low,https://learn.microsoft.com/azure/postgresql/compute-storage/concepts-compute,[],[],Rolled out during 2023 after the Intel v5 series; reserved capacity for both Intel and AMD v5 SKUs landed in September 2024. Exact GA month not confirmed.
Standard_D48ads_v5,Azure Database for PostgreSQL,Flexible server,vCore,General Purpose,Provisioned,Dadsv5-series,vCore,48,192.0,4.0,GA,pg-v5-amd,Generally available,https://learn.microsoft.com/azure/postgresql/compute-storage/concepts-compute,,2023,,2023,low,https://learn.microsoft.com/azure/postgresql/compute-storage/concepts-compute,[],[],Rolled out during 2023 after the Intel v5 series; reserved capacity for both Intel and AMD v5 SKUs landed in September 2024. Exact GA month not confirmed.
Standard_D64ads_v5,Azure Database for PostgreSQL,Flexible server,vCore,General Purpose,Provisioned,Dadsv5-series,vCore,64,256.0,4.0,GA,pg-v5-amd,Generally available,https://learn.microsoft.com/azure/postgresql/compute-storage/concepts-compute,,2023,,2023,low,https://learn.microsoft.com/azure/postgresql/compute-storage/concepts-compute,[],[],Rolled out during 2023 after the Intel v5 series; reserved capacity for both Intel and AMD v5 SKUs landed in September 2024. Exact GA month not confirmed.
Standard_D96ads_v5,Azure Database for PostgreSQL,Flexible server,vCore,General Purpose,Provisioned,Dadsv5-series,vCore,96,384.0,4.0,GA,pg-v5-amd,Generally available,https://learn.microsoft.com/azure/postgresql/compute-storage/concepts-compute,,2023,,2023,low,https://learn.microsoft.com/azure/postgresql/compute-storage/concepts-compute,[],[],Rolled out during 2023 after the Intel v5 series; reserved capacity for both Intel and AMD v5 SKUs landed in September 2024. Exact GA month not confirmed.
Standard_D2ds_v6,Azure Database for PostgreSQL,Flexible server,vCore,General Purpose,Provisioned,Ddsv6-series,vCore,2,8.0,4.0,Preview,pg-v6,Public preview,https://learn.microsoft.com/azure/postgresql/compute-storage/concepts-compute,,2025,2025,,medium,https://learn.microsoft.com/azure/postgresql/overview,[],[],"PUBLIC PREVIEW as of the catalog date. Scaling between Burstable and v6 is not supported, and virtual network integration is not supported on v6."
Standard_D4ds_v6,Azure Database for PostgreSQL,Flexible server,vCore,General Purpose,Provisioned,Ddsv6-series,vCore,4,16.0,4.0,Preview,pg-v6,Public preview,https://learn.microsoft.com/azure/postgresql/compute-storage/concepts-compute,,2025,2025,,medium,https://learn.microsoft.com/azure/postgresql/overview,[],[],"PUBLIC PREVIEW as of the catalog date. Scaling between Burstable and v6 is not supported, and virtual network integration is not supported on v6."
Standard_D8ds_v6,Azure Database for PostgreSQL,Flexible server,vCore,General Purpose,Provisioned,Ddsv6-series,vCore,8,32.0,4.0,Preview,pg-v6,Public preview,https://learn.microsoft.com/azure/postgresql/compute-storage/concepts-compute,,2025,2025,,medium,https://learn.microsoft.com/azure/postgresql/overview,[],[],"PUBLIC PREVIEW as of the catalog date. Scaling between Burstable and v6 is not supported, and virtual network integration is not supported on v6."
Standard_D16ds_v6,Azure Database for PostgreSQL,Flexible server,vCore,General Purpose,Provisioned,Ddsv6-series,vCore,16,64.0,4.0,Preview,pg-v6,Public preview,https://learn.microsoft.com/azure/postgresql/compute-storage/concepts-compute,,2025,2025,,medium,https://learn.microsoft.com/azure/postgresql/overview,[],[],"PUBLIC PREVIEW as of the catalog date. Scaling between Burstable and v6 is not supported, and virtual network integration is not supported on v6."
Standard_D32ds_v6,Azure Database for PostgreSQL,Flexible server,vCore,General Purpose,Provisioned,Ddsv6-series,vCore,32,128.0,4.0,Preview,pg-v6,Public preview,https://learn.microsoft.com/azure/postgresql/compute-storage/concepts-compute,,2025,2025,,medium,https://learn.microsoft.com/azure/postgresql/overview,[],[],"PUBLIC PREVIEW as of the catalog date. Scaling between Burstable and v6 is not supported, and virtual network integration is not supported on v6."
Standard_D48ds_v6,Azure Database for PostgreSQL,Flexible server,vCore,General Purpose,Provisioned,Ddsv6-series,vCore,48,192.0,4.0,Preview,pg-v6,Public preview,https://learn.microsoft.com/azure/postgresql/compute-storage/concepts-compute,,2025,2025,,medium,https://learn.microsoft.com/azure/postgresql/overview,[],[],"PUBLIC PREVIEW as of the catalog date. Scaling between Burstable and v6 is not supported, and virtual network integration is not supported on v6."
Standard_D64ds_v6,Azure Database for PostgreSQL,Flexible server,vCore,General Purpose,Provisioned,Ddsv6-series,vCore,64,256.0,4.0,Preview,pg-v6,Public preview,https://learn.microsoft.com/azure/postgresql/compute-storage/concepts-compute,,2025,2025,,medium,https://learn.microsoft.com/azure/postgresql/overview,[],[],"PUBLIC PREVIEW as of the catalog date. Scaling between Burstable and v6 is not supported, and virtual network integration is not supported on v6."
Standard_D96ds_v6,Azure Database for PostgreSQL,Flexible server,vCore,General Purpose,Provisioned,Ddsv6-series,vCore,96,384.0,4.0,Preview,pg-v6,Public preview,https://learn.microsoft.com/azure/postgresql/compute-storage/concepts-compute,,2025,2025,,medium,https://learn.microsoft.com/azure/postgresql/overview,[],[],"PUBLIC PREVIEW as of the catalog date. Scaling between Burstable and v6 is not supported, and virtual network integration is not supported on v6."
Standard_D128ds_v6,Azure Database for PostgreSQL,Flexible server,vCore,General Purpose,Provisioned,Ddsv6-series,vCore,128,512.0,4.0,Preview,pg-v6,Public preview,https://learn.microsoft.com/azure/postgresql/compute-storage/concepts-compute,,2025,2025,,medium,https://learn.microsoft.com/azure/postgresql/overview,[],[],"PUBLIC PREVIEW as of the catalog date. Scaling between Burstable and v6 is not supported, and virtual network integration is not supported on v6."
Standard_D192ds_v6,Azure Database for PostgreSQL,Flexible server,vCore,General Purpose,Provisioned,Ddsv6-series,vCore,192,768.0,4.0,Preview,pg-v6,Public preview,https://learn.microsoft.com/azure/postgresql/compute-storage/concepts-compute,,2025,2025,,medium,https://learn.microsoft.com/azure/postgresql/overview,[],[],"PUBLIC PREVIEW as of the catalog date. Scaling between Burstable and v6 is not supported, and virtual network integration is not supported on v6."
Standard_D2ads_v6,Azure Database for PostgreSQL,Flexible server,vCore,General Purpose,Provisioned,Dadsv6-series,vCore,2,8.0,4.0,Preview,pg-v6,Public preview,https://learn.microsoft.com/azure/postgresql/compute-storage/concepts-compute,,2025,2025,,medium,https://learn.microsoft.com/azure/postgresql/overview,[],[],"PUBLIC PREVIEW as of the catalog date. Scaling between Burstable and v6 is not supported, and virtual network integration is not supported on v6."
Standard_D4ads_v6,Azure Database for PostgreSQL,Flexible server,vCore,General Purpose,Provisioned,Dadsv6-series,vCore,4,16.0,4.0,Preview,pg-v6,Public preview,https://learn.microsoft.com/azure/postgresql/compute-storage/concepts-compute,,2025,2025,,medium,https://learn.microsoft.com/azure/postgresql/overview,[],[],"PUBLIC PREVIEW as of the catalog date. Scaling between Burstable and v6 is not supported, and virtual network integration is not supported on v6."
Standard_D8ads_v6,Azure Database for PostgreSQL,Flexible server,vCore,General Purpose,Provisioned,Dadsv6-series,vCore,8,32.0,4.0,Preview,pg-v6,Public preview,https://learn.microsoft.com/azure/postgresql/compute-storage/concepts-compute,,2025,2025,,medium,https://learn.microsoft.com/azure/postgresql/overview,[],[],"PUBLIC PREVIEW as of the catalog date. Scaling between Burstable and v6 is not supported, and virtual network integration is not supported on v6."
Standard_D16ads_v6,Azure Database for PostgreSQL,Flexible server,vCore,General Purpose,Provisioned,Dadsv6-series,vCore,16,64.0,4.0,Preview,pg-v6,Public preview,https://learn.microsoft.com/azure/postgresql/compute-storage/concepts-compute,,2025,2025,,medium,https://learn.microsoft.com/azure/postgresql/overview,[],[],"PUBLIC PREVIEW as of the catalog date. Scaling between Burstable and v6 is not supported, and virtual network integration is not supported on v6."
Standard_D32ads_v6,Azure Database for PostgreSQL,Flexible server,vCore,General Purpose,Provisioned,Dadsv6-series,vCore,32,128.0,4.0,Preview,pg-v6,Public preview,https://learn.microsoft.com/azure/postgresql/compute-storage/concepts-compute,,2025,2025,,medium,https://learn.microsoft.com/azure/postgresql/overview,[],[],"PUBLIC PREVIEW as of the catalog date. Scaling between Burstable and v6 is not supported, and virtual network integration is not supported on v6."
Standard_D48ads_v6,Azure Database for PostgreSQL,Flexible server,vCore,General Purpose,Provisioned,Dadsv6-series,vCore,48,192.0,4.0,Preview,pg-v6,Public preview,https://learn.microsoft.com/azure/postgresql/compute-storage/concepts-compute,,2025,2025,,medium,https://learn.microsoft.com/azure/postgresql/overview,[],[],"PUBLIC PREVIEW as of the catalog date. Scaling between Burstable and v6 is not supported, and virtual network integration is not supported on v6."
Standard_D64ads_v6,Azure Database for PostgreSQL,Flexible server,vCore,General Purpose,Provisioned,Dadsv6-series,vCore,64,256.0,4.0,Preview,pg-v6,Public preview,https://learn.microsoft.com/azure/postgresql/compute-storage/concepts-compute,,2025,2025,,medium,https://learn.microsoft.com/azure/postgresql/overview,[],[],"PUBLIC PREVIEW as of the catalog date. Scaling between Burstable and v6 is not supported, and virtual network integration is not supported on v6."
Standard_D96ads_v6,Azure Database for PostgreSQL,Flexible server,vCore,General Purpose,Provisioned,Dadsv6-series,vCore,96,384.0,4.0,Preview,pg-v6,Public preview,https://learn.microsoft.com/azure/postgresql/compute-storage/concepts-compute,,2025,2025,,medium,https://learn.microsoft.com/azure/postgresql/overview,[],[],"PUBLIC PREVIEW as of the catalog date. Scaling between Burstable and v6 is not supported, and virtual network integration is not supported on v6."
Standard_E2s_v3,Azure Database for PostgreSQL,Flexible server,vCore,Memory Optimized,Provisioned,Esv3-series,vCore,2,16.0,8.0,GA,pg-v3,Generally available,https://learn.microsoft.com/azure/postgresql/compute-storage/concepts-compute,,2021-11,2020-11,2021-11,medium,https://learn.microsoft.com/azure/postgresql/release-notes/release-notes,[],[],v3 was the launch compute series for flexible server; it reached GA with the service.
Standard_E4s_v3,Azure Database for PostgreSQL,Flexible server,vCore,Memory Optimized,Provisioned,Esv3-series,vCore,4,32.0,8.0,GA,pg-v3,Generally available,https://learn.microsoft.com/azure/postgresql/compute-storage/concepts-compute,,2021-11,2020-11,2021-11,medium,https://learn.microsoft.com/azure/postgresql/release-notes/release-notes,[],[],v3 was the launch compute series for flexible server; it reached GA with the service.
Standard_E8s_v3,Azure Database for PostgreSQL,Flexible server,vCore,Memory Optimized,Provisioned,Esv3-series,vCore,8,64.0,8.0,GA,pg-v3,Generally available,https://learn.microsoft.com/azure/postgresql/compute-storage/concepts-compute,,2021-11,2020-11,2021-11,medium,https://learn.microsoft.com/azure/postgresql/release-notes/release-notes,[],[],v3 was the launch compute series for flexible server; it reached GA with the service.
Standard_E16s_v3,Azure Database for PostgreSQL,Flexible server,vCore,Memory Optimized,Provisioned,Esv3-series,vCore,16,128.0,8.0,GA,pg-v3,Generally available,https://learn.microsoft.com/azure/postgresql/compute-storage/concepts-compute,,2021-11,2020-11,2021-11,medium,https://learn.microsoft.com/azure/postgresql/release-notes/release-notes,[],[],v3 was the launch compute series for flexible server; it reached GA with the service.
Standard_E32s_v3,Azure Database for PostgreSQL,Flexible server,vCore,Memory Optimized,Provisioned,Esv3-series,vCore,32,256.0,8.0,GA,pg-v3,Generally available,https://learn.microsoft.com/azure/postgresql/compute-storage/concepts-compute,,2021-11,2020-11,2021-11,medium,https://learn.microsoft.com/azure/postgresql/release-notes/release-notes,[],[],v3 was the launch compute series for flexible server; it reached GA with the service.
Standard_E48s_v3,Azure Database for PostgreSQL,Flexible server,vCore,Memory Optimized,Provisioned,Esv3-series,vCore,48,384.0,8.0,GA,pg-v3,Generally available,https://learn.microsoft.com/azure/postgresql/compute-storage/concepts-compute,,2021-11,2020-11,2021-11,medium,https://learn.microsoft.com/azure/postgresql/release-notes/release-notes,[],[],v3 was the launch compute series for flexible server; it reached GA with the service.
Standard_E64s_v3,Azure Database for PostgreSQL,Flexible server,vCore,Memory Optimized,Provisioned,Esv3-series,vCore,64,432.0,6.75,GA,pg-v3,Generally available,https://learn.microsoft.com/azure/postgresql/compute-storage/concepts-compute,,2021-11,2020-11,2021-11,medium,https://learn.microsoft.com/azure/postgresql/release-notes/release-notes,[],[],v3 was the launch compute series for flexible server; it reached GA with the service.
Standard_E2ds_v4,Azure Database for PostgreSQL,Flexible server,vCore,Memory Optimized,Provisioned,Edsv4-series,vCore,2,16.0,8.0,GA,pg-v4,Generally available,https://learn.microsoft.com/azure/postgresql/compute-storage/concepts-compute,,2021-10,,2021-10,high,https://techcommunity.microsoft.com/blog/adforpostgresql/flexible-server-now-supports-v4-compute-series-in-postgresql-on-azure/2815092,[],[],
Standard_E4ds_v4,Azure Database for PostgreSQL,Flexible server,vCore,Memory Optimized,Provisioned,Edsv4-series,vCore,4,32.0,8.0,GA,pg-v4,Generally available,https://learn.microsoft.com/azure/postgresql/compute-storage/concepts-compute,,2021-10,,2021-10,high,https://techcommunity.microsoft.com/blog/adforpostgresql/flexible-server-now-supports-v4-compute-series-in-postgresql-on-azure/2815092,[],[],
Standard_E8ds_v4,Azure Database for PostgreSQL,Flexible server,vCore,Memory Optimized,Provisioned,Edsv4-series,vCore,8,64.0,8.0,GA,pg-v4,Generally available,https://learn.microsoft.com/azure/postgresql/compute-storage/concepts-compute,,2021-10,,2021-10,high,https://techcommunity.microsoft.com/blog/adforpostgresql/flexible-server-now-supports-v4-compute-series-in-postgresql-on-azure/2815092,[],[],
Standard_E16ds_v4,Azure Database for PostgreSQL,Flexible server,vCore,Memory Optimized,Provisioned,Edsv4-series,vCore,16,128.0,8.0,GA,pg-v4,Generally available,https://learn.microsoft.com/azure/postgresql/compute-storage/concepts-compute,,2021-10,,2021-10,high,https://techcommunity.microsoft.com/blog/adforpostgresql/flexible-server-now-supports-v4-compute-series-in-postgresql-on-azure/2815092,[],[],
Standard_E20ds_v4,Azure Database for PostgreSQL,Flexible server,vCore,Memory Optimized,Provisioned,Edsv4-series,vCore,20,160.0,8.0,GA,pg-v4,Generally available,https://learn.microsoft.com/azure/postgresql/compute-storage/concepts-compute,,2021-10,,2021-10,high,https://techcommunity.microsoft.com/blog/adforpostgresql/flexible-server-now-supports-v4-compute-series-in-postgresql-on-azure/2815092,[],[],
Standard_E32ds_v4,Azure Database for PostgreSQL,Flexible server,vCore,Memory Optimized,Provisioned,Edsv4-series,vCore,32,256.0,8.0,GA,pg-v4,Generally available,https://learn.microsoft.com/azure/postgresql/compute-storage/concepts-compute,,2021-10,,2021-10,high,https://techcommunity.microsoft.com/blog/adforpostgresql/flexible-server-now-supports-v4-compute-series-in-postgresql-on-azure/2815092,[],[],
Standard_E48ds_v4,Azure Database for PostgreSQL,Flexible server,vCore,Memory Optimized,Provisioned,Edsv4-series,vCore,48,384.0,8.0,GA,pg-v4,Generally available,https://learn.microsoft.com/azure/postgresql/compute-storage/concepts-compute,,2021-10,,2021-10,high,https://techcommunity.microsoft.com/blog/adforpostgresql/flexible-server-now-supports-v4-compute-series-in-postgresql-on-azure/2815092,[],[],
Standard_E64ds_v4,Azure Database for PostgreSQL,Flexible server,vCore,Memory Optimized,Provisioned,Edsv4-series,vCore,64,432.0,6.75,GA,pg-v4,Generally available,https://learn.microsoft.com/azure/postgresql/compute-storage/concepts-compute,,2021-10,,2021-10,high,https://techcommunity.microsoft.com/blog/adforpostgresql/flexible-server-now-supports-v4-compute-series-in-postgresql-on-azure/2815092,[],[],
Standard_E2ds_v5,Azure Database for PostgreSQL,Flexible server,vCore,Memory Optimized,Provisioned,Edsv5-series,vCore,2,16.0,8.0,GA,pg-v5-intel,Generally available,https://learn.microsoft.com/azure/postgresql/compute-storage/concepts-compute,,2023-05,,2023-05,high,https://techcommunity.microsoft.com/t5/azure-database-for-postgresql/introducing-intel-v5-compute-and-32-tb-storage-support-on-azure/ba-p/3839849,[],[],Announced 2023-06-05 covering the May 2023 release; listed in the May 2023 release notes.
Standard_E4ds_v5,Azure Database for PostgreSQL,Flexible server,vCore,Memory Optimized,Provisioned,Edsv5-series,vCore,4,32.0,8.0,GA,pg-v5-intel,Generally available,https://learn.microsoft.com/azure/postgresql/compute-storage/concepts-compute,,2023-05,,2023-05,high,https://techcommunity.microsoft.com/t5/azure-database-for-postgresql/introducing-intel-v5-compute-and-32-tb-storage-support-on-azure/ba-p/3839849,[],[],Announced 2023-06-05 covering the May 2023 release; listed in the May 2023 release notes.
Standard_E8ds_v5,Azure Database for PostgreSQL,Flexible server,vCore,Memory Optimized,Provisioned,Edsv5-series,vCore,8,64.0,8.0,GA,pg-v5-intel,Generally available,https://learn.microsoft.com/azure/postgresql/compute-storage/concepts-compute,,2023-05,,2023-05,high,https://techcommunity.microsoft.com/t5/azure-database-for-postgresql/introducing-intel-v5-compute-and-32-tb-storage-support-on-azure/ba-p/3839849,[],[],Announced 2023-06-05 covering the May 2023 release; listed in the May 2023 release notes.
Standard_E16ds_v5,Azure Database for PostgreSQL,Flexible server,vCore,Memory Optimized,Provisioned,Edsv5-series,vCore,16,128.0,8.0,GA,pg-v5-intel,Generally available,https://learn.microsoft.com/azure/postgresql/compute-storage/concepts-compute,,2023-05,,2023-05,high,https://techcommunity.microsoft.com/t5/azure-database-for-postgresql/introducing-intel-v5-compute-and-32-tb-storage-support-on-azure/ba-p/3839849,[],[],Announced 2023-06-05 covering the May 2023 release; listed in the May 2023 release notes.
Standard_E20ds_v5,Azure Database for PostgreSQL,Flexible server,vCore,Memory Optimized,Provisioned,Edsv5-series,vCore,20,160.0,8.0,GA,pg-v5-intel,Generally available,https://learn.microsoft.com/azure/postgresql/compute-storage/concepts-compute,,2023-05,,2023-05,high,https://techcommunity.microsoft.com/t5/azure-database-for-postgresql/introducing-intel-v5-compute-and-32-tb-storage-support-on-azure/ba-p/3839849,[],[],Announced 2023-06-05 covering the May 2023 release; listed in the May 2023 release notes.
Standard_E32ds_v5,Azure Database for PostgreSQL,Flexible server,vCore,Memory Optimized,Provisioned,Edsv5-series,vCore,32,256.0,8.0,GA,pg-v5-intel,Generally available,https://learn.microsoft.com/azure/postgresql/compute-storage/concepts-compute,,2023-05,,2023-05,high,https://techcommunity.microsoft.com/t5/azure-database-for-postgresql/introducing-intel-v5-compute-and-32-tb-storage-support-on-azure/ba-p/3839849,[],[],Announced 2023-06-05 covering the May 2023 release; listed in the May 2023 release notes.
Standard_E48ds_v5,Azure Database for PostgreSQL,Flexible server,vCore,Memory Optimized,Provisioned,Edsv5-series,vCore,48,384.0,8.0,GA,pg-v5-intel,Generally available,https://learn.microsoft.com/azure/postgresql/compute-storage/concepts-compute,,2023-05,,2023-05,high,https://techcommunity.microsoft.com/t5/azure-database-for-postgresql/introducing-intel-v5-compute-and-32-tb-storage-support-on-azure/ba-p/3839849,[],[],Announced 2023-06-05 covering the May 2023 release; listed in the May 2023 release notes.
Standard_E64ds_v5,Azure Database for PostgreSQL,Flexible server,vCore,Memory Optimized,Provisioned,Edsv5-series,vCore,64,512.0,8.0,GA,pg-v5-intel,Generally available,https://learn.microsoft.com/azure/postgresql/compute-storage/concepts-compute,,2023-05,,2023-05,high,https://techcommunity.microsoft.com/t5/azure-database-for-postgresql/introducing-intel-v5-compute-and-32-tb-storage-support-on-azure/ba-p/3839849,[],[],Announced 2023-06-05 covering the May 2023 release; listed in the May 2023 release notes.
Standard_E96ds_v5,Azure Database for PostgreSQL,Flexible server,vCore,Memory Optimized,Provisioned,Edsv5-series,vCore,96,672.0,7.0,GA,pg-v5-intel,Generally available,https://learn.microsoft.com/azure/postgresql/compute-storage/concepts-compute,,2023-05,,2023-05,high,https://techcommunity.microsoft.com/t5/azure-database-for-postgresql/introducing-intel-v5-compute-and-32-tb-storage-support-on-azure/ba-p/3839849,[],[],Announced 2023-06-05 covering the May 2023 release; listed in the May 2023 release notes.
Standard_E2ads_v5,Azure Database for PostgreSQL,Flexible server,vCore,Memory Optimized,Provisioned,Eadsv5-series,vCore,2,16.0,8.0,GA,pg-v5-amd,Generally available,https://learn.microsoft.com/azure/postgresql/compute-storage/concepts-compute,,2023,,2023,low,https://learn.microsoft.com/azure/postgresql/compute-storage/concepts-compute,[],[],Rolled out during 2023 after the Intel v5 series; reserved capacity for both Intel and AMD v5 SKUs landed in September 2024. Exact GA month not confirmed.
Standard_E4ads_v5,Azure Database for PostgreSQL,Flexible server,vCore,Memory Optimized,Provisioned,Eadsv5-series,vCore,4,32.0,8.0,GA,pg-v5-amd,Generally available,https://learn.microsoft.com/azure/postgresql/compute-storage/concepts-compute,,2023,,2023,low,https://learn.microsoft.com/azure/postgresql/compute-storage/concepts-compute,[],[],Rolled out during 2023 after the Intel v5 series; reserved capacity for both Intel and AMD v5 SKUs landed in September 2024. Exact GA month not confirmed.
Standard_E8ads_v5,Azure Database for PostgreSQL,Flexible server,vCore,Memory Optimized,Provisioned,Eadsv5-series,vCore,8,64.0,8.0,GA,pg-v5-amd,Generally available,https://learn.microsoft.com/azure/postgresql/compute-storage/concepts-compute,,2023,,2023,low,https://learn.microsoft.com/azure/postgresql/compute-storage/concepts-compute,[],[],Rolled out during 2023 after the Intel v5 series; reserved capacity for both Intel and AMD v5 SKUs landed in September 2024. Exact GA month not confirmed.
Standard_E16ads_v5,Azure Database for PostgreSQL,Flexible server,vCore,Memory Optimized,Provisioned,Eadsv5-series,vCore,16,128.0,8.0,GA,pg-v5-amd,Generally available,https://learn.microsoft.com/azure/postgresql/compute-storage/concepts-compute,,2023,,2023,low,https://learn.microsoft.com/azure/postgresql/compute-storage/concepts-compute,[],[],Rolled out during 2023 after the Intel v5 series; reserved capacity for both Intel and AMD v5 SKUs landed in September 2024. Exact GA month not confirmed.
Standard_E20ads_v5,Azure Database for PostgreSQL,Flexible server,vCore,Memory Optimized,Provisioned,Eadsv5-series,vCore,20,160.0,8.0,GA,pg-v5-amd,Generally available,https://learn.microsoft.com/azure/postgresql/compute-storage/concepts-compute,,2023,,2023,low,https://learn.microsoft.com/azure/postgresql/compute-storage/concepts-compute,[],[],Rolled out during 2023 after the Intel v5 series; reserved capacity for both Intel and AMD v5 SKUs landed in September 2024. Exact GA month not confirmed.
Standard_E32ads_v5,Azure Database for PostgreSQL,Flexible server,vCore,Memory Optimized,Provisioned,Eadsv5-series,vCore,32,256.0,8.0,GA,pg-v5-amd,Generally available,https://learn.microsoft.com/azure/postgresql/compute-storage/concepts-compute,,2023,,2023,low,https://learn.microsoft.com/azure/postgresql/compute-storage/concepts-compute,[],[],Rolled out during 2023 after the Intel v5 series; reserved capacity for both Intel and AMD v5 SKUs landed in September 2024. Exact GA month not confirmed.
Standard_E48ads_v5,Azure Database for PostgreSQL,Flexible server,vCore,Memory Optimized,Provisioned,Eadsv5-series,vCore,48,384.0,8.0,GA,pg-v5-amd,Generally available,https://learn.microsoft.com/azure/postgresql/compute-storage/concepts-compute,,2023,,2023,low,https://learn.microsoft.com/azure/postgresql/compute-storage/concepts-compute,[],[],Rolled out during 2023 after the Intel v5 series; reserved capacity for both Intel and AMD v5 SKUs landed in September 2024. Exact GA month not confirmed.
Standard_E64ads_v5,Azure Database for PostgreSQL,Flexible server,vCore,Memory Optimized,Provisioned,Eadsv5-series,vCore,64,512.0,8.0,GA,pg-v5-amd,Generally available,https://learn.microsoft.com/azure/postgresql/compute-storage/concepts-compute,,2023,,2023,low,https://learn.microsoft.com/azure/postgresql/compute-storage/concepts-compute,[],[],Rolled out during 2023 after the Intel v5 series; reserved capacity for both Intel and AMD v5 SKUs landed in September 2024. Exact GA month not confirmed.
Standard_E96ads_v5,Azure Database for PostgreSQL,Flexible server,vCore,Memory Optimized,Provisioned,Eadsv5-series,vCore,96,672.0,7.0,GA,pg-v5-amd,Generally available,https://learn.microsoft.com/azure/postgresql/compute-storage/concepts-compute,,2023,,2023,low,https://learn.microsoft.com/azure/postgresql/compute-storage/concepts-compute,[],[],Rolled out during 2023 after the Intel v5 series; reserved capacity for both Intel and AMD v5 SKUs landed in September 2024. Exact GA month not confirmed.
Standard_E2ds_v6,Azure Database for PostgreSQL,Flexible server,vCore,Memory Optimized,Provisioned,Edsv6-series,vCore,2,16.0,8.0,Preview,pg-v6,Public preview,https://learn.microsoft.com/azure/postgresql/compute-storage/concepts-compute,,2025,2025,,medium,https://learn.microsoft.com/azure/postgresql/overview,[],[],"PUBLIC PREVIEW as of the catalog date. Scaling between Burstable and v6 is not supported, and virtual network integration is not supported on v6."
Standard_E4ds_v6,Azure Database for PostgreSQL,Flexible server,vCore,Memory Optimized,Provisioned,Edsv6-series,vCore,4,32.0,8.0,Preview,pg-v6,Public preview,https://learn.microsoft.com/azure/postgresql/compute-storage/concepts-compute,,2025,2025,,medium,https://learn.microsoft.com/azure/postgresql/overview,[],[],"PUBLIC PREVIEW as of the catalog date. Scaling between Burstable and v6 is not supported, and virtual network integration is not supported on v6."
Standard_E8ds_v6,Azure Database for PostgreSQL,Flexible server,vCore,Memory Optimized,Provisioned,Edsv6-series,vCore,8,64.0,8.0,Preview,pg-v6,Public preview,https://learn.microsoft.com/azure/postgresql/compute-storage/concepts-compute,,2025,2025,,medium,https://learn.microsoft.com/azure/postgresql/overview,[],[],"PUBLIC PREVIEW as of the catalog date. Scaling between Burstable and v6 is not supported, and virtual network integration is not supported on v6."
Standard_E16ds_v6,Azure Database for PostgreSQL,Flexible server,vCore,Memory Optimized,Provisioned,Edsv6-series,vCore,16,128.0,8.0,Preview,pg-v6,Public preview,https://learn.microsoft.com/azure/postgresql/compute-storage/concepts-compute,,2025,2025,,medium,https://learn.microsoft.com/azure/postgresql/overview,[],[],"PUBLIC PREVIEW as of the catalog date. Scaling between Burstable and v6 is not supported, and virtual network integration is not supported on v6."
Standard_E20ds_v6,Azure Database for PostgreSQL,Flexible server,vCore,Memory Optimized,Provisioned,Edsv6-series,vCore,20,160.0,8.0,Preview,pg-v6,Public preview,https://learn.microsoft.com/azure/postgresql/compute-storage/concepts-compute,,2025,2025,,medium,https://learn.microsoft.com/azure/postgresql/overview,[],[],"PUBLIC PREVIEW as of the catalog date. Scaling between Burstable and v6 is not supported, and virtual network integration is not supported on v6."
Standard_E32ds_v6,Azure Database for PostgreSQL,Flexible server,vCore,Memory Optimized,Provisioned,Edsv6-series,vCore,32,256.0,8.0,Preview,pg-v6,Public preview,https://learn.microsoft.com/azure/postgresql/compute-storage/concepts-compute,,2025,2025,,medium,https://learn.microsoft.com/azure/postgresql/overview,[],[],"PUBLIC PREVIEW as of the catalog date. Scaling between Burstable and v6 is not supported, and virtual network integration is not supported on v6."
Standard_E48ds_v6,Azure Database for PostgreSQL,Flexible server,vCore,Memory Optimized,Provisioned,Edsv6-series,vCore,48,384.0,8.0,Preview,pg-v6,Public preview,https://learn.microsoft.com/azure/postgresql/compute-storage/concepts-compute,,2025,2025,,medium,https://learn.microsoft.com/azure/postgresql/overview,[],[],"PUBLIC PREVIEW as of the catalog date. Scaling between Burstable and v6 is not supported, and virtual network integration is not supported on v6."
Standard_E64ds_v6,Azure Database for PostgreSQL,Flexible server,vCore,Memory Optimized,Provisioned,Edsv6-series,vCore,64,512.0,8.0,Preview,pg-v6,Public preview,https://learn.microsoft.com/azure/postgresql/compute-storage/concepts-compute,,2025,2025,,medium,https://learn.microsoft.com/azure/postgresql/overview,[],[],"PUBLIC PREVIEW as of the catalog date. Scaling between Burstable and v6 is not supported, and virtual network integration is not supported on v6."
Standard_E96ds_v6,Azure Database for PostgreSQL,Flexible server,vCore,Memory Optimized,Provisioned,Edsv6-series,vCore,96,768.0,8.0,Preview,pg-v6,Public preview,https://learn.microsoft.com/azure/postgresql/compute-storage/concepts-compute,,2025,2025,,medium,https://learn.microsoft.com/azure/postgresql/overview,[],[],"PUBLIC PREVIEW as of the catalog date. Scaling between Burstable and v6 is not supported, and virtual network integration is not supported on v6."
Standard_E128ds_v6,Azure Database for PostgreSQL,Flexible server,vCore,Memory Optimized,Provisioned,Edsv6-series,vCore,128,1024.0,8.0,Preview,pg-v6,Public preview,https://learn.microsoft.com/azure/postgresql/compute-storage/concepts-compute,,2025,2025,,medium,https://learn.microsoft.com/azure/postgresql/overview,[],[],"PUBLIC PREVIEW as of the catalog date. Scaling between Burstable and v6 is not supported, and virtual network integration is not supported on v6."
Standard_E192ds_v6,Azure Database for PostgreSQL,Flexible server,vCore,Memory Optimized,Provisioned,Edsv6-series,vCore,192,1832.0,9.54,Preview,pg-v6,Public preview,https://learn.microsoft.com/azure/postgresql/compute-storage/concepts-compute,,2025,2025,,medium,https://learn.microsoft.com/azure/postgresql/overview,[],[],"PUBLIC PREVIEW as of the catalog date. Scaling between Burstable and v6 is not supported, and virtual network integration is not supported on v6."
Standard_E2ads_v6,Azure Database for PostgreSQL,Flexible server,vCore,Memory Optimized,Provisioned,Eadsv6-series,vCore,2,16.0,8.0,Preview,pg-v6,Public preview,https://learn.microsoft.com/azure/postgresql/compute-storage/concepts-compute,,2025,2025,,medium,https://learn.microsoft.com/azure/postgresql/overview,[],[],"PUBLIC PREVIEW as of the catalog date. Scaling between Burstable and v6 is not supported, and virtual network integration is not supported on v6."
Standard_E4ads_v6,Azure Database for PostgreSQL,Flexible server,vCore,Memory Optimized,Provisioned,Eadsv6-series,vCore,4,32.0,8.0,Preview,pg-v6,Public preview,https://learn.microsoft.com/azure/postgresql/compute-storage/concepts-compute,,2025,2025,,medium,https://learn.microsoft.com/azure/postgresql/overview,[],[],"PUBLIC PREVIEW as of the catalog date. Scaling between Burstable and v6 is not supported, and virtual network integration is not supported on v6."
Standard_E8ads_v6,Azure Database for PostgreSQL,Flexible server,vCore,Memory Optimized,Provisioned,Eadsv6-series,vCore,8,64.0,8.0,Preview,pg-v6,Public preview,https://learn.microsoft.com/azure/postgresql/compute-storage/concepts-compute,,2025,2025,,medium,https://learn.microsoft.com/azure/postgresql/overview,[],[],"PUBLIC PREVIEW as of the catalog date. Scaling between Burstable and v6 is not supported, and virtual network integration is not supported on v6."
Standard_E16ads_v6,Azure Database for PostgreSQL,Flexible server,vCore,Memory Optimized,Provisioned,Eadsv6-series,vCore,16,128.0,8.0,Preview,pg-v6,Public preview,https://learn.microsoft.com/azure/postgresql/compute-storage/concepts-compute,,2025,2025,,medium,https://learn.microsoft.com/azure/postgresql/overview,[],[],"PUBLIC PREVIEW as of the catalog date. Scaling between Burstable and v6 is not supported, and virtual network integration is not supported on v6."
Standard_E20ads_v6,Azure Database for PostgreSQL,Flexible server,vCore,Memory Optimized,Provisioned,Eadsv6-series,vCore,20,160.0,8.0,Preview,pg-v6,Public preview,https://learn.microsoft.com/azure/postgresql/compute-storage/concepts-compute,,2025,2025,,medium,https://learn.microsoft.com/azure/postgresql/overview,[],[],"PUBLIC PREVIEW as of the catalog date. Scaling between Burstable and v6 is not supported, and virtual network integration is not supported on v6."
Standard_E32ads_v6,Azure Database for PostgreSQL,Flexible server,vCore,Memory Optimized,Provisioned,Eadsv6-series,vCore,32,256.0,8.0,Preview,pg-v6,Public preview,https://learn.microsoft.com/azure/postgresql/compute-storage/concepts-compute,,2025,2025,,medium,https://learn.microsoft.com/azure/postgresql/overview,[],[],"PUBLIC PREVIEW as of the catalog date. Scaling between Burstable and v6 is not supported, and virtual network integration is not supported on v6."
Standard_E48ads_v6,Azure Database for PostgreSQL,Flexible server,vCore,Memory Optimized,Provisioned,Eadsv6-series,vCore,48,384.0,8.0,Preview,pg-v6,Public preview,https://learn.microsoft.com/azure/postgresql/compute-storage/concepts-compute,,2025,2025,,medium,https://learn.microsoft.com/azure/postgresql/overview,[],[],"PUBLIC PREVIEW as of the catalog date. Scaling between Burstable and v6 is not supported, and virtual network integration is not supported on v6."
Standard_E64ads_v6,Azure Database for PostgreSQL,Flexible server,vCore,Memory Optimized,Provisioned,Eadsv6-series,vCore,64,512.0,8.0,Preview,pg-v6,Public preview,https://learn.microsoft.com/azure/postgresql/compute-storage/concepts-compute,,2025,2025,,medium,https://learn.microsoft.com/azure/postgresql/overview,[],[],"PUBLIC PREVIEW as of the catalog date. Scaling between Burstable and v6 is not supported, and virtual network integration is not supported on v6."
Standard_E96ads_v6,Azure Database for PostgreSQL,Flexible server,vCore,Memory Optimized,Provisioned,Eadsv6-series,vCore,96,672.0,7.0,Preview,pg-v6,Public preview,https://learn.microsoft.com/azure/postgresql/compute-storage/concepts-compute,,2025,2025,,medium,https://learn.microsoft.com/azure/postgresql/overview,[],[],"PUBLIC PREVIEW as of the catalog date. Scaling between Burstable and v6 is not supported, and virtual network integration is not supported on v6."
B_Gen5_1,Azure Database for PostgreSQL,Single server (retired),vCore,Basic,Provisioned,Gen5,vCore,1,,,Retired,pg-single-server,Retired,https://learn.microsoft.com/azure/postgresql/single-server/whats-happening-to-postgresql-single-server,,2018-03,2017-05,2018-03,low,https://learn.microsoft.com/azure/postgresql/single-server/whats-happening-to-postgresql-single-server,[],[],RETIRED on 2025-03-28. Listed for historical completeness only; not orderable.
B_Gen5_2,Azure Database for PostgreSQL,Single server (retired),vCore,Basic,Provisioned,Gen5,vCore,2,,,Retired,pg-single-server,Retired,https://learn.microsoft.com/azure/postgresql/single-server/whats-happening-to-postgresql-single-server,,2018-03,2017-05,2018-03,low,https://learn.microsoft.com/azure/postgresql/single-server/whats-happening-to-postgresql-single-server,[],[],RETIRED on 2025-03-28. Listed for historical completeness only; not orderable.
GP_Gen5_2,Azure Database for PostgreSQL,Single server (retired),vCore,General Purpose,Provisioned,Gen5,vCore,2,,,Retired,pg-single-server,Retired,https://learn.microsoft.com/azure/postgresql/single-server/whats-happening-to-postgresql-single-server,,2018-03,2017-05,2018-03,low,https://learn.microsoft.com/azure/postgresql/single-server/whats-happening-to-postgresql-single-server,[],[],RETIRED on 2025-03-28. Listed for historical completeness only; not orderable.
GP_Gen5_4,Azure Database for PostgreSQL,Single server (retired),vCore,General Purpose,Provisioned,Gen5,vCore,4,,,Retired,pg-single-server,Retired,https://learn.microsoft.com/azure/postgresql/single-server/whats-happening-to-postgresql-single-server,,2018-03,2017-05,2018-03,low,https://learn.microsoft.com/azure/postgresql/single-server/whats-happening-to-postgresql-single-server,[],[],RETIRED on 2025-03-28. Listed for historical completeness only; not orderable.
GP_Gen5_8,Azure Database for PostgreSQL,Single server (retired),vCore,General Purpose,Provisioned,Gen5,vCore,8,,,Retired,pg-single-server,Retired,https://learn.microsoft.com/azure/postgresql/single-server/whats-happening-to-postgresql-single-server,,2018-03,2017-05,2018-03,low,https://learn.microsoft.com/azure/postgresql/single-server/whats-happening-to-postgresql-single-server,[],[],RETIRED on 2025-03-28. Listed for historical completeness only; not orderable.
GP_Gen5_16,Azure Database for PostgreSQL,Single server (retired),vCore,General Purpose,Provisioned,Gen5,vCore,16,,,Retired,pg-single-server,Retired,https://learn.microsoft.com/azure/postgresql/single-server/whats-happening-to-postgresql-single-server,,2018-03,2017-05,2018-03,low,https://learn.microsoft.com/azure/postgresql/single-server/whats-happening-to-postgresql-single-server,[],[],RETIRED on 2025-03-28. Listed for historical completeness only; not orderable.
GP_Gen5_32,Azure Database for PostgreSQL,Single server (retired),vCore,General Purpose,Provisioned,Gen5,vCore,32,,,Retired,pg-single-server,Retired,https://learn.microsoft.com/azure/postgresql/single-server/whats-happening-to-postgresql-single-server,,2018-03,2017-05,2018-03,low,https://learn.microsoft.com/azure/postgresql/single-server/whats-happening-to-postgresql-single-server,[],[],RETIRED on 2025-03-28. Listed for historical completeness only; not orderable.
GP_Gen5_64,Azure Database for PostgreSQL,Single server (retired),vCore,General Purpose,Provisioned,Gen5,vCore,64,,,Retired,pg-single-server,Retired,https://learn.microsoft.com/azure/postgresql/single-server/whats-happening-to-postgresql-single-server,,2018-03,2017-05,2018-03,low,https://learn.microsoft.com/azure/postgresql/single-server/whats-happening-to-postgresql-single-server,[],[],RETIRED on 2025-03-28. Listed for historical completeness only; not orderable.
MO_Gen5_2,Azure Database for PostgreSQL,Single server (retired),vCore,Memory Optimized,Provisioned,Gen5,vCore,2,,,Retired,pg-single-server,Retired,https://learn.microsoft.com/azure/postgresql/single-server/whats-happening-to-postgresql-single-server,,2018-03,2017-05,2018-03,low,https://learn.microsoft.com/azure/postgresql/single-server/whats-happening-to-postgresql-single-server,[],[],RETIRED on 2025-03-28. Listed for historical completeness only; not orderable.
MO_Gen5_4,Azure Database for PostgreSQL,Single server (retired),vCore,Memory Optimized,Provisioned,Gen5,vCore,4,,,Retired,pg-single-server,Retired,https://learn.microsoft.com/azure/postgresql/single-server/whats-happening-to-postgresql-single-server,,2018-03,2017-05,2018-03,low,https://learn.microsoft.com/azure/postgresql/single-server/whats-happening-to-postgresql-single-server,[],[],RETIRED on 2025-03-28. Listed for historical completeness only; not orderable.
MO_Gen5_8,Azure Database for PostgreSQL,Single server (retired),vCore,Memory Optimized,Provisioned,Gen5,vCore,8,,,Retired,pg-single-server,Retired,https://learn.microsoft.com/azure/postgresql/single-server/whats-happening-to-postgresql-single-server,,2018-03,2017-05,2018-03,low,https://learn.microsoft.com/azure/postgresql/single-server/whats-happening-to-postgresql-single-server,[],[],RETIRED on 2025-03-28. Listed for historical completeness only; not orderable.
MO_Gen5_16,Azure Database for PostgreSQL,Single server (retired),vCore,Memory Optimized,Provisioned,Gen5,vCore,16,,,Retired,pg-single-server,Retired,https://learn.microsoft.com/azure/postgresql/single-server/whats-happening-to-postgresql-single-server,,2018-03,2017-05,2018-03,low,https://learn.microsoft.com/azure/postgresql/single-server/whats-happening-to-postgresql-single-server,[],[],RETIRED on 2025-03-28. Listed for historical completeness only; not orderable.
MO_Gen5_32,Azure Database for PostgreSQL,Single server (retired),vCore,Memory Optimized,Provisioned,Gen5,vCore,32,,,Retired,pg-single-server,Retired,https://learn.microsoft.com/azure/postgresql/single-server/whats-happening-to-postgresql-single-server,,2018-03,2017-05,2018-03,low,https://learn.microsoft.com/azure/postgresql/single-server/whats-happening-to-postgresql-single-server,[],[],RETIRED on 2025-03-28. Listed for historical completeness only; not orderable.
